spec,N,beta_constraint,se_constraint,t_stat,p_value,R2,notes
baseline_spec_1a,160,3.4837762428992534,3.4056531234148504,1.022939247378802,0.31576070837824477,0.5699828195145112,Replicated for comparison
A1_q0b_mean_score,160,0.048464597130717706,0.18156973596358386,0.266920017664386,0.7916364783096843,0.5657806260123324,Intensity measure: mean 1-10 score instead of share ranking as most important problem
B1_exclude_2020,133,3.1085468771209563,3.8977043971213345,0.797532742456505,0.4323654834048427,0.6002281600495125,COVID year excluded to test whether null is driven by pandemic disruption
B2_high_income,80,-3.807619939500163,4.575011895609028,-0.8322644894441943,0.4202861008686054,0.6885137345512437,"High-income subsample (GDP/capita >= 23,140)"
B2_low_income,80,8.906146113144366,7.078326504728567,1.2582276484695574,0.23043901090807384,0.5004913332841259,"Low-income subsample (GDP/capita < 23,140)"
C1_eib_sectors_denominator,160,3.4852668183351194,3.40585688795338,1.0233156979268903,0.3155861056568843,0.5695473798052098,"Denominator = SME enterprises in EIB-relevant NACE sections only (C,D,E,F,G,H,I,J,L,M,N)"
