nominal_shocks,effective_shocks,mean_hhi,median_n_eff_country
12,6.103293691567608,0.18025339099893445,5.806107502186314
